{
    "Version": "2012-10-17",
    "Statement": [
        {
            "Sid": "Stmt1490596495000",
            "Effect": "Allow",
            "Action": [
                "s3:GetObject",
                "s3:PutObject",
                "s3:PutObjectAcl",
                "s3:DeleteObject",
                "s3:ListObjects",
                "s3:ListBucket"
            ],
            "Resource": [
                "arn:aws-cn:s3:::e1-aas/*",
                "arn:aws-cn:s3:::e1-aas*"
            ]
        }
    ]
}