{
    "Version": "2012-10-17",
    "Statement": [
        {
            "Sid": "Stmt1490580757000",
            "Effect": "Allow",
            "Action": [
                "s3:GetObject",
                "s3:ListBucket",
                "s3:PutObject",
                "s3:PutObjectAcl",
                "s3:DeleteObject"
            ],
            "Resource": [
                "arn:aws-cn:s3:::e1-cicd-release/STG/GDM/*",
                "arn:aws-cn:s3:::e1-cicd-release/STG/GDM"
            ]
        }
    ]
}