{
    "Id": "Policy1524032455917",
    "Version": "2012-10-17",
    "Statement": [
        {
            "Sid": "Stmt1524032448451",
            "Action": [
                "s3:DeleteObject",
                "s3:GetObject",
                "s3:PutObject"
            ],
            "Effect": "Allow",
            "Resource": [
                "arn:aws-cn:s3:::e1-sis-ups-privacy-policy-documents-qa",
                "arn:aws-cn:s3:::e1-sis-ups-privacy-policy-documents-qa/*"
            ],
            "Principal": {
                "AWS": [
                    "arn:aws-cn:iam::014301917773:role/ADFS-E1-Readonly"
                ]
            }
        }
    ]
}