{
    "Version": "2012-10-17",
    "Statement": [
        {
            "Sid": "VisualEditor0",
            "Effect": "Allow",
            "Action": [
                "ecr:GetDownloadUrlForLayer",
                "ecr:BatchDeleteImage",
                "ecr:UploadLayerPart",
                "ecr:ListImages",
                "ecr:DeleteRepository",
                "ecr:PutImage",
                "ecr:SetRepositoryPolicy",
                "ecr:BatchGetImage",
                "ecr:CompleteLayerUpload",
                "ecr:DescribeImages",
                "ecr:DescribeRepositories",
                "ecr:DeleteRepositoryPolicy",
                "ecr:InitiateLayerUpload",
                "ecr:BatchCheckLayerAvailability",
                "ecr:GetRepositoryPolicy"
            ],
            "Resource": [
                "arn:aws-cn:ecr:cn-north-1:014301917773:repository/e1-support",
                "arn:aws-cn:ecr:cn-north-1:014301917773:repository/e1-sis-evc-student-profile-service",
                "arn:aws-cn:ecr:cn-north-1:014301917773:repository/e1-ups-privacy",
                "arn:aws-cn:ecr:cn-north-1:014301917773:repository/e1-shared-service/user-profile-service-release",
                "arn:aws-cn:ecr:cn-north-1:014301917773:repository/e1-shared-service/user-profile-service",
                "arn:aws-cn:ecr:cn-north-1:014301917773:repository/db-migration-tool-npgsql",
                "arn:aws-cn:ecr:cn-north-1:014301917773:repository/e1-sis-evc-class-booking-service",
                "arn:aws-cn:ecr:cn-north-1:014301917773:repository/e1-shared-service/learning-qa",
                "arn:aws-cn:ecr:cn-north-1:014301917773:repository/omni-api-gateway",
                "arn:aws-cn:ecr:cn-north-1:014301917773:repository/e1-shared-service-identity-server"
            ]
        },
        {
            "Sid": "VisualEditor1",
            "Effect": "Allow",
            "Action": [
                "ecr:CreateRepository",
                "ecr:GetAuthorizationToken"
            ],
            "Resource": "*"
        }
    ]
}