{
    "Version": "2012-10-17",
    "Statement": [
        {
            "Sid": "VisualEditor0",
            "Effect": "Allow",
            "Action": [
                "ecr:GetDownloadUrlForLayer",
                "ecr:BatchDeleteImage",
                "ecr:UploadLayerPart",
                "ecr:ListImages",
                "ecr:DeleteRepository",
                "ecr:PutImage",
                "ecr:SetRepositoryPolicy",
                "ecr:BatchGetImage",
                "ecr:CompleteLayerUpload",
                "ecr:DescribeImages",
                "ecr:DescribeRepositories",
                "ecr:DeleteRepositoryPolicy",
                "ecr:InitiateLayerUpload",
                "ecr:BatchCheckLayerAvailability",
                "ecr:GetRepositoryPolicy"
            ],
            "Resource": [
                "arn:aws:ecr:ap-southeast-1:415204155249:repository/bsd-jsreport",
                "arn:aws:ecr:ap-southeast-1:415204155249:repository/omni-learning-qa",
                "arn:aws:ecr:ap-southeast-1:415204155249:repository/e1-sis-evc-student-profile-service",
                "arn:aws:ecr:ap-southeast-1:415204155249:repository/e1-sis-evc-class-booking-event-store",
                "arn:aws:ecr:ap-southeast-1:415204155249:repository/db-migration-tool-npgsql",
                "arn:aws:ecr:ap-southeast-1:415204155249:repository/e1-shared-service-identity-server",
                "arn:aws:ecr:ap-southeast-1:415204155249:repository/e1-shared-service/user-profile-service-release",
                "arn:aws:ecr:ap-southeast-1:415204155249:repository/wso2is",
                "arn:aws:ecr:ap-southeast-1:415204155249:repository/e1-shared-service/learning",
                "arn:aws:ecr:ap-southeast-1:415204155249:repository/e1-support",
                "arn:aws:ecr:ap-southeast-1:415204155249:repository/omni-api-gateway"
            ]
        },
        {
            "Sid": "VisualEditor1",
            "Effect": "Allow",
            "Action": [
                "ecr:CreateRepository",
                "ecr:GetAuthorizationToken"
            ],
            "Resource": "*"
        }
    ]
}