{
    "Version": "2012-10-17",
    "Statement": [
        {
            "Sid": "VisualEditor0",
            "Effect": "Allow",
            "Action": [
                "iam:GetRole",
                "iam:PassRole",
                "dynamodb:DescribeStream",
                "dynamodb:GetRecords"
            ],
            "Resource": [
                "arn:aws:dynamodb:ap-southeast-1:415204155249:table/SIS.EVC.*",
                "arn:aws:iam::415204155249:role/LAMBDA_SIS_EVC"
            ]
        },
        {
            "Sid": "VisualEditor1",
            "Effect": "Allow",
            "Action": [
                "lambda:CreateFunction",
                "lambda:UpdateFunctionCode",
                "sns:Publish",
                "lambda:GetFunction",
                "lambda:GetFunctionConfiguration",
                "dynamodb:ListStreams"
            ],
            "Resource": "*"
        }
    ]
}