{
    "Version": "2012-10-17",
    "Statement": [
        {
            "Sid": "Stmt1527043918484",
            "Effect": "Allow",
            "Principal": {
                "AWS": [
                    "AROAPBRKLUS62MG2LE3SC:Chandler.You@EF.com",
                    "AROAPBRKLUS62MG2LE3SC:nazmi.altun@EF.com",
                    "AROAPBRKLUS62MG2LE3SC:kiddy.wang@EF.com",
                    "AROAPBRKLUS62MG2LE3SC:johnson.lu@EF.com",
                    "AROAPBRKLUS62MG2LE3SC:sunny.yu2@EF.com"
                ]
            },
            "Action": [
                "s3:DeleteObject",
                "s3:GetObject",
                "s3:GetObjectAcl",
                "s3:ListBucket",
                "s3:PutObject",
                "s3:PutObjectAcl"
            ],
            "Resource": [
                "arn:aws-cn:s3:::ef-privacy-policy-documents",
                "arn:aws-cn:s3:::ef-privacy-policy-documents/*"
            ]
        }
    ]
}