{
	"items":[
		{
			"product":"e1svc-cn",
		 	"url":"https://e1svc.ef.cn/api/v1/Token/Student",
		 	"method":"POST",
		 	"headers":{"Content-Type":"application/json"},
		 	"body":{"Username":"account3","Password":"12345"}
		},
		{
			"product":"e1svc-web-cn",
		 	"url":"https://e1svc.ef.cn/api/v1/Token/Student",
		 	"method":"POST",
		 	"headers":{"Content-Type":"application/json"},
		 	"body":{"Username":"account3",
				 "Password":"12345",
				 "Platform":"web"},
			"timeout":3
		},
		{
			"product":"tpi-cn",
			"url":"https://e1tpi.ef.cn/api/v1/OdinProgressTestCourseStructure/cn",
			"method":"GET",
			"headers":{"X-BA-Token":"97096cec-091a-486a-9cef-4c1097a33a46"}
		},
		{
			"product":"study-cn",
			"url":"http://study.ef.cn/",
			"method":"GET"
		},
		{
			"product":"highflyers-cn",
			"url":"http://highflyers.ef.cn/",
			"method":"GET"
		},
		{
			"product":"trailblazers-cn",
			"url":"http://trailblazers.ef.cn/",
			"method":"GET"
		},
		{
			"product":"frontrunner-cn",
			"url":"http://frontrunner.ef.cn/",
			"method":"GET"
		},
		{
			"product":"progresstestviewer-cn",
			"url":"http://progresstestviewer.ef.cn/",
			"method":"GET"
		},
		{
			"product":"odinplus-cn",
			"url":"http://odinplus.ef.cn/",
			"method":"GET"
		},
		{
			"product":"api-mentor-cn",
			"url":"https://api.mentor.ef.cn/admin/",
			"method":"GET"
		},
		{
			"product":"classroom-service-shdc",
			"url":"http://10.17.10.38/ClassroomService/ClassroomService.svc",
			"method":"GET"
		},
		{
			"product":"NTB-service-shdc",
			"url":"http://10.17.10.38/NTBService/NTBService.svc",
			"method":"GET"
		},
		{
			"product":"MH-service-shdc",
			"url":"http://10.17.10.38/MediaHubService/Group/Teachers/?schoolCode=SHA",
			"method":"GET",
			"timeout":5
		},
		{
			"product":"odinplus-service-shdc",
			"url":"http://10.17.10.38/odinplus/api/v1/customer/34703790/profile",
			"method":"GET"
		}
	]
}