{
    "Version": "2012-10-17",
    "Statement": [
        {
            "Sid": "Stmt1505124935000",
            "Effect": "Allow",
            "Action": [
                "kinesis:DescribeStream",
                "kinesis:PutRecord",
                "kinesis:PutRecords",
                "kinesis:DescribeStream",
                "kinesis:GetShardIterator",
                "kinesis:GetRecords"
            ],
            "Resource": [
                "arn:aws-cn:kinesis:cn-north-1:014301917773:stream/CNE1LLXAPIPRD"
            ]
        },
        {
            "Sid": "Stmt1505124935001",
            "Effect": "Allow",
            "Action": [
                "dynamodb:CreateTable",
                "dynamodb:DescribeTable",
                "dynamodb:DeleteItem",
                "dynamodb:GetItem",
                "dynamodb:PutItem",
                "dynamodb:UpdateItem",
                "dynamodb:Scan"
            ],
            "Resource": [
                "arn:aws-cn:dynamodb:cn-north-1:014301917773:table/CNE1LLXAPIPRD"
            ]
        },
        {
            "Sid": "Stmt1505124935002",
            "Effect": "Allow",
            "Action": [
                "cloudwatch:PutMetricData"
            ],
            "Resource": [
                "*"
            ]
        },
        {
            "Sid": "Stmt1505124935003",
            "Effect": "Allow",
            "Action": [
                "s3:DeleteObject",
                "s3:GetObject",
                "s3:ListBucket",
                "s3:PutObject",
                "s3:ListObjects"
            ],
            "Resource": [
                "arn:aws-cn:s3:::e1-xapi/*",
                "arn:aws-cn:s3:::e1-xapi"
            ]
        }
    ]
}