{
    "Version": "2012-10-17",
    "Statement": [
        {
            "Sid": "Stmt1505124935000",
            "Effect": "Allow",
            "Action": [
                "ecr:*"
            ],
            "Resource": [
                "arn:aws:ecr:ap-southeast-1:415204155249:repository/e1-pd/*"
            ]
        },
        {
            "Sid": "Stmt1505124935001",
            "Effect": "Allow",
            "Action": [
                "ecr:GetAuthorizationToken",
                "ecs:DescribeTaskDefinition",
                "ecs:DescribeServices",
                "ecs:RegisterTaskDefinition",
                "ecs:UpdateService"
            ],
            "Resource": [
                "*"
            ]
        },
        {
            "Sid": "Stmt1505124935002",
            "Effect": "Allow",
            "Action": [
                "ecs:RegisterTaskDefinition",
                "ecs:ListTaskDefinitions",
                "ecs:DescribeTaskDefinition"
            ],
            "Resource": [
                "arn:aws:ecs:ap-southeast-1:415204155249:task-definition/e1-pd-*"
            ]
        },
        {
            "Sid": "Stmt1505124935003",
            "Effect": "Allow",
            "Action": [
                "ecs:*"
            ],
            "Resource": [
                "arn:aws:ecs:ap-southeast-1:415204155249:cluster/SGE1STGXAPI-ECS-CLUSTER",
                "arn:aws:ecs:ap-southeast-1:415204155249:cluster/SGE1PRDXAPI-ECS-CLUSTER"
            ]
        }
    ]
}