{
    "Version": "2012-10-17",
    "Statement": [
        {
            "Sid": "Stmt1505124935000",
            "Effect": "Allow",
            "Action": [
                "kinesis:DescribeStream",
                "kinesis:PutRecord",
                "kinesis:PutRecords",
                "kinesis:DescribeStream",
                "kinesis:GetShardIterator",
                "kinesis:GetRecords"
            ],
            "Resource": [
                "arn:aws:kinesis:ap-southeast-1:415204155249:stream/SGE1LLXAPISTG"
            ]
        },
        {
            "Sid": "Stmt1505124935001",
            "Effect": "Allow",
            "Action": [
                "dynamodb:CreateTable",
                "dynamodb:DescribeTable",
                "dynamodb:DeleteItem",
                "dynamodb:GetItem",
                "dynamodb:PutItem",
                "dynamodb:UpdateItem",
                "dynamodb:Scan"
            ],
            "Resource": [
                "arn:aws:dynamodb:ap-southeast-1:415204155249:table/SGE1LLXAPISTG"
            ]
        },
        {
            "Sid": "Stmt1505124935002",
            "Effect": "Allow",
            "Action": [
                "cloudwatch:PutMetricData"
            ],
            "Resource": [
                "*"
            ]
        }
    ]
}