{
    "Version": "2012-10-17",
    "Statement": [
        {
            "Effect": "Allow",
            "Action": [
                "s3:GetObject",
                "s3:PutObject",
                "s3:PutObjectAcl",
                "s3:DeleteObject",
                "s3:ListBucket"
            ],
            "Resource": [
                "arn:aws-cn:s3:::gpreport-qa.ef.cn/*",
                "arn:aws-cn:s3:::gpreport-qa.ef.cn*"
            ]
        },
        {
            "Effect": "Allow",
            "Action": [
                "s3:GetObject",
                "s3:PutObject",
                "s3:PutObjectAcl",
                "s3:DeleteObject",
                "s3:ListBucket"
            ],
            "Resource": [
                "arn:aws-cn:s3:::gpreport-staging.ef.cn/*",
                "arn:aws-cn:s3:::gpreport-staging.ef.cn*"
            ]
        },
        {
            "Effect": "Allow",
            "Action": [
                "s3:GetObject",
                "s3:PutObject",
                "s3:PutObjectAcl",
                "s3:DeleteObject",
                "s3:ListBucket"
            ],
            "Resource": [
                "arn:aws-cn:s3:::gpreport.ef.cn/*",
                "arn:aws-cn:s3:::gpreport.ef.cn*"
            ]
        },
        {
            "Effect": "Allow",
            "Action": "sts:AssumeRole",
            "Resource": "arn:aws-cn:iam::014301917773:role/EC2-BI-GENERAL"
        }
    ]
}