{
    "Version": "2012-10-17",
    "Statement": [
        {
            "Sid": "Stmt1497866019000",
            "Effect": "Allow",
            "Action": [
                "s3:DeleteObject",
                "s3:GetObject",
                "s3:GetObjectTagging",
                "s3:GetObjectVersion",
                "s3:GetObjectVersionAcl",
                "s3:GetObjectVersionTagging",
                "s3:ListBucket",
                "s3:ListBucketMultipartUploads",
                "s3:ListBucketVersions",
                "s3:PutObject",
                "s3:PutObjectAcl",
                "s3:RestoreObject"
            ],
            "Resource": [
                "arn:aws-cn:s3:::placement.ef.cn",
                "arn:aws-cn:s3:::placement.ef.cn/*",
                "arn:aws-cn:s3:::admin.placement.ef.cn",
                "arn:aws-cn:s3:::admin.placement.ef.cn/*",
                "arn:aws-cn:s3:::canius-test",
                "arn:aws-cn:s3:::canius-test/*",
                "arn:aws-cn:s3:::current*media",
                "arn:aws-cn:s3:::current*media/*",
                "arn:aws-cn:s3:::e1-binaries",
                "arn:aws-cn:s3:::e1-binaries/*",
                "arn:aws-cn:s3:::e1-ess-dev.ef.cn",
                "arn:aws-cn:s3:::e1-ess-dev.ef.cn/*",
                "arn:aws-cn:s3:::e1-provisioning*",
                "arn:aws-cn:s3:::e1-provisioning*/*",
                "arn:aws-cn:s3:::e1-ptviewer*",
                "arn:aws-cn:s3:::e1-ptviewer*/*",
                "arn:aws-cn:s3:::e1-verbalcontent*",
                "arn:aws-cn:s3:::e1-verbalcontent*/*",
                "arn:aws-cn:s3:::e1-osp*",
                "arn:aws-cn:s3:::e1-osp*/*",
                "arn:aws-cn:s3:::*trailblazers*",
                "arn:aws-cn:s3:::*trailblazers*/*",
                "arn:aws-cn:s3:::e1-verbalcontent*",
                "arn:aws-cn:s3:::e1-verbalcontent*/*",
                "arn:aws-cn:s3:::e1*media",
                "arn:aws-cn:s3:::e1*media/*",
                "arn:aws-cn:s3:::e1*medialogs",
                "arn:aws-cn:s3:::e1*medialogs/*",
                "arn:aws-cn:s3:::e1viewer*",
                "arn:aws-cn:s3:::e1viewer*/*",
                "arn:aws-cn:s3:::grammar*",
                "arn:aws-cn:s3:::grammar*/*",
                "arn:aws-cn:s3:::placement*",
                "arn:aws-cn:s3:::placement*/*",
                "arn:aws-cn:s3:::trailblazers3*",
                "arn:aws-cn:s3:::trailblazers3*/*"
            ]
        }
    ]
}