 {
            "Version": "2012-10-17", 
            "Statement": [
                {
                    "Action": [
                        "s3:GetObject", 
                        "s3:PutObject", 
                        "s3:PutObjectAcl",
                        "s3:DeleteObject"
                    ], 
                    "Resource": [
                        "arn:aws:s3:::e1-verbalcontent/*"
                    ], 
                    "Effect": "Allow"
                }
            ]
        }