{
    "Version": "2012-10-17",
    "Statement": [
        {
            "Effect": "Allow",
            "Action": [
                "s3:GetObject",
                "s3:PutObject",
                "s3:PutObjectAcl",
                "s3:ListBucket",
                "s3:DeleteObject"
            ],
            "Resource": [
                "arn:aws-cn:s3:::e1schoolownimage/*",
                "arn:aws-cn:s3:::e1schoolownimage*",
                "arn:aws-cn:s3:::e1schoolfraimage/*",
                "arn:aws-cn:s3:::e1schoolfraimage*"
            ]
        }
    ]
}