{
    "AWSCN": {
        "Windows": {
            "GeneralPurpose": {
                "t2.small": {
                    "vCPU":"1",
                    "ECU":"Variable",
                    "Memory(GiB)":"2",
                    "InstanceStorage(GB)":"EBS Only",
                    "Rate/H(CNY)":"0.2750"
                },
                "t2.medium": {
                    "vCPU":"2",
                    "ECU":"Variable",
                    "Memory(GiB)":"4",
                    "InstanceStorage(GB)":"EBS Only",
                    "Rate/H(CNY)":"0.5500"
                },
                "t2.large": {
                    "vCPU":"2",
                    "ECU":"Variable",
                    "Memory(GiB)":"8",
                    "InstanceStorage(GB)":"EBS Only",
                    "Rate/H(CNY)":"1.0370"
                },
                "t2.xlarge": {
                    "vCPU":"4",
                    "ECU":"Variable",
                    "Memory(GiB)":"16",
                    "InstanceStorage(GB)":"EBS Only",
                    "Rate/H(CNY)":"1.9720"
                },
                "t2.2xlarge": {
                    "vCPU":"8",
                    "ECU":"Variable",
                    "Memory(GiB)":"32",
                    "InstanceStorage(GB)":"EBS Only",
                    "Rate/H(CNY)":"3.8100"
                },
                "m3.medium": {
                    "vCPU":"1",
                    "ECU":"3",
                    "Memory(GiB)":"3.75",
                    "InstanceStorage(GB)":"1*4 SSD",
                    "Rate/H(CNY)":"0.9830"
                },
                "m3.large": {
                    "vCPU":"2",
                    "ECU":"6.5",
                    "Memory(GiB)":"7.5",
                    "InstanceStorage(GB)":"1*32 SSD",
                    "Rate/H(CNY)":"1.9530"
                },
                "m3.xlarge": {
                    "vCPU":"4",
                    "ECU":"13",
                    "Memory(GiB)":"15",
                    "InstanceStorage(GB)":"2*40 SSD",
                    "Rate/H(CNY)":"3.9000"
                },
                "m3.2xlarge": {
                    "vCPU":"8",
                    "ECU":"26",
                    "Memory(GiB)":"30",
                    "InstanceStorage(GB)":"2*80 SSD",
                    "Rate/H(CNY)":"7.6320"
                },
                "m4.large": {
                    "vCPU":"2",
                    "ECU":"6.5",
                    "Memory(GiB)":"8",
                    "InstanceStorage(GB)":"EBS Only",
                    "Rate/H(CNY)":"2.0050"
                },
                "m4.xlarge": {
                    "vCPU":"4",
                    "ECU":"13",
                    "Memory(GiB)":"16",
                    "InstanceStorage(GB)":"EBS Only",
                    "Rate/H(CNY)":"4.0160"
                },
                "m4.2xlarge": {
                    "vCPU":"8",
                    "ECU":"26",
                    "Memory(GiB)":"32",
                    "InstanceStorage(GB)":"EBS Only",
                    "Rate/H(CNY)":"8.0270"
                },
                "m4.4xlarge": {
                    "vCPU":"16",
                    "ECU":"53.5",
                    "Memory(GiB)":"64",
                    "InstanceStorage(GB)":"EBS Only",
                    "Rate/H(CNY)":"16.0550"
                },
                "m4.10xlarge": {
                    "vCPU":"40",
                    "ECU":"124.5",
                    "Memory(GiB)":"160",
                    "InstanceStorage(GB)":"EBS Only",
                    "Rate/H(CNY)":"40.1360"
                },
                "m4.16xlarge": {
                    "vCPU":"64",
                    "ECU":"188",
                    "Memory(GiB)":"256",
                    "InstanceStorage(GB)":"EBS Only",
                    "Rate/H(CNY)":"64.2190"
                }
            },
            "ComputeOptimized": {
                "c4.large": {
                    "vCPU":"2",
                    "ECU":"8",
                    "Memory(GiB)":"3.75",
                    "InstanceStorage(GB)":"EBS Only",
                    "Rate/H(CNY)":"1.6050"
                },
                "c4.xlarge": {
                    "vCPU":"4",
                    "ECU":"16",
                    "Memory(GiB)":"7.5",
                    "InstanceStorage(GB)":"EBS Only",
                    "Rate/H(CNY)":"3.2100"
                },
                "c4.2xlarge": {
                    "vCPU":"8",
                    "ECU":"31",
                    "Memory(GiB)":"15",
                    "InstanceStorage(GB)":"EBS Only",
                    "Rate/H(CNY)":"6.4190"
                },
                "c4.4xlarge": {
                    "vCPU":"16",
                    "ECU":"62",
                    "Memory(GiB)":"30",
                    "InstanceStorage(GB)":"EBS Only",
                    "Rate/H(CNY)":"12.8390"
                },
                "c4.8xlarge": {
                    "vCPU":"32",
                    "ECU":"132",
                    "Memory(GiB)":"60",
                    "InstanceStorage(GB)":"EBS Only",
                    "Rate/H(CNY)":"26.6200"
                },
                "c3.large": {
                    "vCPU":"2",
                    "ECU":"7",
                    "Memory(GiB)":"3.75",
                    "InstanceStorage(GB)":"2 x 16 SSD",
                    "Rate/H(CNY)":"1.2810"
                },
                "c3.xlarge": {
                    "vCPU":"4",
                    "ECU":"14",
                    "Memory(GiB)":"7.5",
                    "InstanceStorage(GB)":"2 x 40 SSD",
                    "Rate/H(CNY)":"2.5500"
                },
                "c3.2xlarge": {
                    "vCPU":"8",
                    "ECU":"28",
                    "Memory(GiB)":"15",
                    "InstanceStorage(GB)":"2 x 80 SSD",
                    "Rate/H(CNY)":"4.7090"
                },
                "c3.4xlarge": {
                    "vCPU":"16",
                    "ECU":"55",
                    "Memory(GiB)":"30",
                    "InstanceStorage(GB)":"2 x 160 SSD",
                    "Rate/H(CNY)":"9.2860"
                },
                "c3.8xlarge": {
                    "vCPU":"32",
                    "ECU":"108",
                    "Memory(GiB)":"60",
                    "InstanceStorage(GB)":"2 x 320 SSD",
                    "Rate/H(CNY)":"18.5670"
                }
            },
            "MemoryOptimized": {
                "r4.large": {
                    "vCPU":"2",
                    "ECU":"7",
                    "Memory(GiB)":"15.25",
                    "InstanceStorage(GB)":"EBS Optimized",
                    "Rate/H(CNY)":"2.5780"
                },
                "r4.xlarge": {
                    "vCPU":"4",
                    "ECU":"13.5",
                    "Memory(GiB)":"30.5",
                    "InstanceStorage(GB)":"EBS Optimized",
                    "Rate/H(CNY)":"5.1630"
                },
                "r4.2xlarge": {
                    "vCPU":"8",
                    "ECU":"27",
                    "Memory(GiB)":"61",
                    "InstanceStorage(GB)":"EBS Optimized",
                    "Rate/H(CNY)":"10.3190"
                },
                "r4.4xlarge": {
                    "vCPU":"16",
                    "ECU":"53",
                    "Memory(GiB)":"122",
                    "InstanceStorage(GB)":"EBS Optimized",
                    "Rate/H(CNY)":"20.6370"
                },
                "r4.8xlarge": {
                    "vCPU":"32",
                    "ECU":"99",
                    "Memory(GiB)":"244",
                    "InstanceStorage(GB)":"EBS Optimized",
                    "Rate/H(CNY)":"41.2810"
                },
                "r4.16xlarge": {
                    "vCPU":"64",
                    "ECU":"195",
                    "Memory(GiB)":"488",
                    "InstanceStorage(GB)":"EBS Optimized",
                    "Rate/H(CNY)":"82.5620"
                },
                "r3.large": {
                    "vCPU":"2",
                    "ECU":"6.5",
                    "Memory(GiB)":"15",
                    "InstanceStorage(GB)":"1 x 32 SSD",
                    "Rate/H(CNY)":"3.2208"
                },
                "r3.xlarge": {
                    "vCPU":"4",
                    "ECU":"13",
                    "Memory(GiB)":"30.5",
                    "InstanceStorage(GB)":"1 x 80 SSD",
                    "Rate/H(CNY)":"6.4355"
                },
                "r3.2xlarge": {
                    "vCPU":"8",
                    "ECU":"26",
                    "Memory(GiB)":"61",
                    "InstanceStorage(GB)":"1 x 160 SSD",
                    "Rate/H(CNY)":"12.1349"
                },
                "r3.4xlarge": {
                    "vCPU":"16",
                    "ECU":"52",
                    "Memory(GiB)":"122",
                    "InstanceStorage(GB)":"1 x 320 SSD",
                    "Rate/H(CNY)":"22.9447"
                },
                "r3.8xlarge": {
                    "vCPU":"32",
                    "ECU":"104",
                    "Memory(GiB)":"244",
                    "InstanceStorage(GB)":"2 x 320 SSD",
                    "Rate/H(CNY)":"43.5092"
                },
                "x1.16xlarge": {
                    "vCPU":"64",
                    "ECU":"174.5",
                    "Memory(GiB)":"976",
                    "InstanceStorage(GB)":"1 x 1920 SSD",
                    "Rate/H(CNY)":"89.1450"
                },
                "x1.32xlarge": {
                    "vCPU":"128",
                    "ECU":"349",
                    "Memory(GiB)":"1952",
                    "InstanceStorage(GB)":"2 x 1920 SSD",
                    "Rate/H(CNY)":"178.2900"
                }
            }
        },
        "Linux": {
            "t2.micro": {
                "vCPU":"1",
                "ECU":"Variable",
                "Memory(GiB)":"1",
                "InstanceStorage(GB)":"EBS Only",
                "Rate/H(CNY)":"0.1060"
            },
            "t2.small": {
                "vCPU":"1",
                "ECU":"Variable",
                "Memory(GiB)":"2",
                "InstanceStorage(GB)":"EBS Only",
                "Rate/H(CNY)":"0.2120"
            },
            "t2.medium": {
                "vCPU":"2",
                "ECU":"Variable",
                "Memory(GiB)":"4",
                "InstanceStorage(GB)":"EBS Only",
                "Rate/H(CNY)":"0.4260"
            },
            "t2.large": {
                "vCPU":"2",
                "ECU":"Variable",
                "Memory(GiB)":"8",
                "InstanceStorage(GB)":"EBS Only",
                "Rate/H(CNY)":"0.8510"
            },
            "t2.xlarge": {
                "vCPU":"4",
                "ECU":"Variable",
                "Memory(GiB)":"16",
                "InstanceStorage(GB)":"EBS Only",
                "Rate/H(CNY)":"1.6960"
            },
            "t2.2xlarge": {
                "vCPU":"8",
                "ECU":"Variable",
                "Memory(GiB)":"32",
                "InstanceStorage(GB)":"EBS Only",
                "Rate/H(CNY)":"3.3920"
            },
            "m3.medium": {
                "vCPU":"1",
                "ECU":"3",
                "Memory(GiB)":"3.75",
                "InstanceStorage(GB)":"1 x 4 SSD",
                "Rate/H(CNY)":"0.8680"
            },
            "m3.large": {
                "vCPU":"2",
                "ECU":"6.5",
                "Memory(GiB)":"7.5",
                "InstanceStorage(GB)":"1 x 32 SSD",
                "Rate/H(CNY)":"1.7350"
            },
            "m3.xlarge": {
                "vCPU":"4",
                "ECU":"13",
                "Memory(GiB)":"15",
                "InstanceStorage(GB)":"2 x 40 SSD",
                "Rate/H(CNY)":"3.4710"
            },
            "m3.2xlarge": {
                "vCPU":"8",
                "ECU":"26",
                "Memory(GiB)":"30",
                "InstanceStorage(GB)":"2 x 80 SSD",
                "Rate/H(CNY)":"6.9420"
            },
            "m4.large": {
                "vCPU":"2",
                "ECU":"6.5",
                "Memory(GiB)":"8",
                "InstanceStorage(GB)":"EBS Only",
                "Rate/H(CNY)":"1.4050"
            },
            "m4.xlarge": {
                "vCPU":"4",
                "ECU":"13",
                "Memory(GiB)":"16",
                "InstanceStorage(GB)":"EBS Only",
                "Rate/H(CNY)":"2.8150"
            },
            "m4.2xlarge": {
                "vCPU":"8",
                "ECU":"26",
                "Memory(GiB)":"30",
                "InstanceStorage(GB)":"EBS Only",
                "Rate/H(CNY)":"5.6240"
            },
            "m4.4xlarge": {
                "vCPU":"16",
                "ECU":"53.5",
                "Memory(GiB)":"64",
                "InstanceStorage(GB)":"EBS Only",
                "Rate/H(CNY)":"11.2480"
            },
            "m4.10xlarge": {
                "vCPU":"40",
                "ECU":"124.5",
                "Memory(GiB)":"160",
                "InstanceStorage(GB)":"EBS Only",
                "Rate/H(CNY)":"28.1210"
            },
            "m4.16xlarge": {
                "vCPU":"64",
                "ECU":"188",
                "Memory(GiB)":"256",
                "InstanceStorage(GB)":"EBS Only",
                "Rate/H(CNY)":"44.9950"
            }
        },
        "EBS": {
            "GP2": {
                "Name":"General Purpose (GP2) - /GB",
                "Price(CNY)":"0.7460"
            },
            "IO1": {
                "Name":"Provisioned IOPS (IO1) - /GB/M",
                "Price(CNY)":"1.3060"
            },
            "ST1": {
                "Name":"EBS Throughput Optimized HDD (ST1) - /GB",
                "Price(CNY)":"0.3360"
            },
            "SC1": {
                "Name":"EBS Cold HDD (SC1) - /GB",
                "Price(CNY)":"0.1870"
            }
        }
    },
    "AWSSG": {
        "Windows": {
            "GeneralPurpose": {
                "t2.nano": {
                    "vCPU":"1",
                    "ECU":"Variable",
                    "Memory(GiB)":"0.5",
                    "InstanceStorage(GB)":"EBS Only",
                    "Rate/H(USD)":"0.0096"
                },
                "t2.micro": {
                    "vCPU":"1",
                    "ECU":"Variable",
                    "Memory(GiB)":"1",
                    "InstanceStorage(GB)":"EBS Only",
                    "Rate/H(USD)":"0.0192"
                },
                "t2.small": {
                    "vCPU":"1",
                    "ECU":"Variable",
                    "Memory(GiB)":"2",
                    "InstanceStorage(GB)":"EBS Only",
                    "Rate/H(USD)":"0.0384"
                },
                "t2.medium": {
                    "vCPU":"2",
                    "ECU":"Variable",
                    "Memory(GiB)":"4",
                    "InstanceStorage(GB)":"EBS Only",
                    "Rate/H(USD)":"0.0764"
                },
                "t2.large": {
                    "vCPU":"2",
                    "ECU":"Variable",
                    "Memory(GiB)":"8",
                    "InstanceStorage(GB)":"EBS Only",
                    "Rate/H(USD)":"0.1448"
                },
                "t2.xlarge": {
                    "vCPU":"4",
                    "ECU":"Variable",
                    "Memory(GiB)":"16",
                    "InstanceStorage(GB)":"EBS Only",
                    "Rate/H(USD)":"0.2746"
                },
                "t2.2xlarge": {
                    "vCPU":"8",
                    "ECU":"Variable",
                    "Memory(GiB)":"32",
                    "InstanceStorage(GB)":"EBS Only",
                    "Rate/H(USD)":"0.5292"
                },
                "m3.medium": {
                    "vCPU":"1",
                    "ECU":"3",
                    "Memory(GiB)":"3.75",
                    "InstanceStorage(GB)":"1*4 SSD",
                    "Rate/H(USD)":"0.1610"
                },
                "m3.large": {
                    "vCPU":"2",
                    "ECU":"6.5",
                    "Memory(GiB)":"7.5",
                    "InstanceStorage(GB)":"1*32 SSD",
                    "Rate/H(USD)":"0.3220"
                },
                "m3.xlarge": {
                    "vCPU":"4",
                    "ECU":"13",
                    "Memory(GiB)":"15",
                    "InstanceStorage(GB)":"2*40 SSD",
                    "Rate/H(USD)":"0.6440"
                },
                "m4.large": {
                    "vCPU":"2",
                    "ECU":"6.5",
                    "Memory(GiB)":"8",
                    "InstanceStorage(GB)":"EBS Only",
                    "Rate/H(USD)":"0.2170"
                },
                "m4.xlarge": {
                    "vCPU":"4",
                    "ECU":"13",
                    "Memory(GiB)":"16",
                    "InstanceStorage(GB)":"EBS Only",
                    "Rate/H(USD)":"0.4340"
                },
                "m4.2xlarge": {
                    "vCPU":"8",
                    "ECU":"26",
                    "Memory(GiB)":"32",
                    "InstanceStorage(GB)":"EBS Only",
                    "Rate/H(USD)":"0.8680"
                },
                "m4.4xlarge": {
                    "vCPU":"16",
                    "ECU":"53.5",
                    "Memory(GiB)":"64",
                    "InstanceStorage(GB)":"EBS Only",
                    "Rate/H(USD)":"1.7360"
                },
                "m4.10xlarge": {
                    "vCPU":"40",
                    "ECU":"124.5",
                    "Memory(GiB)":"160",
                    "InstanceStorage(GB)":"EBS Only",
                    "Rate/H(USD)":"4.3400"
                },
                "m4.16xlarge": {
                    "vCPU":"64",
                    "ECU":"188",
                    "Memory(GiB)":"256",
                    "InstanceStorage(GB)":"EBS Only",
                    "Rate/H(USD)":"6.9440"
                }
            },
            "ComputeOptimized": {
                "c4.large": {
                    "vCPU":"2",
                    "ECU":"8",
                    "Memory(GiB)":"3.75",
                    "InstanceStorage(GB)":"EBS Only",
                    "Rate/H(USD)":"0.2070"
                },
                "c4.xlarge": {
                    "vCPU":"4",
                    "ECU":"16",
                    "Memory(GiB)":"7.5",
                    "InstanceStorage(GB)":"EBS Only",
                    "Rate/H(USD)":"0.4150"
                },
                "c4.2xlarge": {
                    "vCPU":"8",
                    "ECU":"31",
                    "Memory(GiB)":"15",
                    "InstanceStorage(GB)":"EBS Only",
                    "Rate/H(USD)":"0.8300"
                },
                "c4.4xlarge": {
                    "vCPU":"16",
                    "ECU":"62",
                    "Memory(GiB)":"30",
                    "InstanceStorage(GB)":"EBS Only",
                    "Rate/H(USD)":"1.6600"
                },
                "c4.8xlarge": {
                    "vCPU":"32",
                    "ECU":"132",
                    "Memory(GiB)":"60",
                    "InstanceStorage(GB)":"EBS Only",
                    "Rate/H(USD)":"3.5040"
                },
                "c3.large": {
                    "vCPU":"2",
                    "ECU":"7",
                    "Memory(GiB)":"3.75",
                    "InstanceStorage(GB)":"2 x 16 SSD",
                    "Rate/H(USD)":"0.2380"
                },
                "c3.xlarge": {
                    "vCPU":"4",
                    "ECU":"14",
                    "Memory(GiB)":"7.5",
                    "InstanceStorage(GB)":"2 x 40 SSD",
                    "Rate/H(USD)":"0.4770"
                },
                "c3.2xlarge": {
                    "vCPU":"8",
                    "ECU":"28",
                    "Memory(GiB)":"15",
                    "InstanceStorage(GB)":"2 x 80 SSD",
                    "Rate/H(USD)":"0.9530"
                },
                "c3.4xlarge": {
                    "vCPU":"16",
                    "ECU":"55",
                    "Memory(GiB)":"30",
                    "InstanceStorage(GB)":"2 x 160 SSD",
                    "Rate/H(USD)":"1.9060"
                },
                "c3.8xlarge": {
                    "vCPU":"32",
                    "ECU":"108",
                    "Memory(GiB)":"60",
                    "InstanceStorage(GB)":"2 x 320 SSD",
                    "Rate/H(USD)":"3.8130"
                }
            },
            "MemoryOptimized": {
                "r4.large": {
                    "vCPU":"2",
                    "ECU":"7",
                    "Memory(GiB)":"15.25",
                    "InstanceStorage(GB)":"EBS Optimized",
                    "Rate/H(USD)":"0.2520"
                },
                "r4.xlarge": {
                    "vCPU":"4",
                    "ECU":"13.5",
                    "Memory(GiB)":"30.5",
                    "InstanceStorage(GB)":"EBS Optimized",
                    "Rate/H(USD)":"0.5040"
                },
                "r4.2xlarge": {
                    "vCPU":"8",
                    "ECU":"27",
                    "Memory(GiB)":"61",
                    "InstanceStorage(GB)":"EBS Optimized",
                    "Rate/H(USD)":"1.0080"
                },
                "r4.4xlarge": {
                    "vCPU":"16",
                    "ECU":"53",
                    "Memory(GiB)":"122",
                    "InstanceStorage(GB)":"EBS Optimized",
                    "Rate/H(USD)":"2.0160"
                },
                "r4.8xlarge": {
                    "vCPU":"32",
                    "ECU":"99",
                    "Memory(GiB)":"244",
                    "InstanceStorage(GB)":"EBS Optimized",
                    "Rate/H(USD)":"4.0320"
                },
                "r4.16xlarge": {
                    "vCPU":"64",
                    "ECU":"195",
                    "Memory(GiB)":"488",
                    "InstanceStorage(GB)":"EBS Optimized",
                    "Rate/H(USD)":"8.0640"
                },
                "r3.large": {
                    "vCPU":"2",
                    "ECU":"6.5",
                    "Memory(GiB)":"15",
                    "InstanceStorage(GB)":"1 x 32 SSD",
                    "Rate/H(USD)":"0.3130"
                },
                "r3.xlarge": {
                    "vCPU":"4",
                    "ECU":"13",
                    "Memory(GiB)":"30.5",
                    "InstanceStorage(GB)":"1 x 80 SSD",
                    "Rate/H(USD)":"0.6250"
                },
                "r3.2xlarge": {
                    "vCPU":"8",
                    "ECU":"26",
                    "Memory(GiB)":"61",
                    "InstanceStorage(GB)":"1 x 160 SSD",
                    "Rate/H(USD)":"1.25"
                },
                "r3.4xlarge": {
                    "vCPU":"16",
                    "ECU":"52",
                    "Memory(GiB)":"122",
                    "InstanceStorage(GB)":"1 x 320 SSD",
                    "Rate/H(USD)":"2.3630"
                },
                "r3.8xlarge": {
                    "vCPU":"32",
                    "ECU":"104",
                    "Memory(GiB)":"244",
                    "InstanceStorage(GB)":"2 x 320 SSD",
                    "Rate/H(USD)":"4.6000"
                },
                "x1.16xlarge": {
                    "vCPU":"64",
                    "ECU":"174.5",
                    "Memory(GiB)":"976",
                    "InstanceStorage(GB)":"1 x 1920 SSD",
                    "Rate/H(USD)":"12.6150"
                },
                "x1.32xlarge": {
                    "vCPU":"128",
                    "ECU":"349",
                    "Memory(GiB)":"1952",
                    "InstanceStorage(GB)":"2 x 1920 SSD",
                    "Rate/H(CNY)":"25.2290"
                }
            }
        },
        "Linux": {
            "t2.nano": {
                "vCPU":"1",
                "ECU":"Variable",
                "Memory(GiB)":"0.5",
                "InstanceStorage(GB)":"EBS Only",
                "Rate/H(USD)":"0.0073"
            },
            "t2.micro": {
                "vCPU":"1",
                "ECU":"Variable",
                "Memory(GiB)":"1",
                "InstanceStorage(GB)":"EBS Only",
                "Rate/H(USD)":"0.0146"
            },
            "t2.small": {
                "vCPU":"1",
                "ECU":"Variable",
                "Memory(GiB)":"2",
                "InstanceStorage(GB)":"EBS Only",
                "Rate/H(USD)":"0.0292"
            },
            "t2.medium": {
                "vCPU":"2",
                "ECU":"Variable",
                "Memory(GiB)":"4",
                "InstanceStorage(GB)":"EBS Only",
                "Rate/H(USD)":"0.0584"
            },
            "t2.large": {
                "vCPU":"2",
                "ECU":"Variable",
                "Memory(GiB)":"8",
                "InstanceStorage(GB)":"EBS Only",
                "Rate/H(USD)":"0.1168"
            },
            "t2.xlarge": {
                "vCPU":"4",
                "ECU":"Variable",
                "Memory(GiB)":"16",
                "InstanceStorage(GB)":"EBS Only",
                "Rate/H(USD)":"0.2336"
            },
            "t2.2xlarge": {
                "vCPU":"8",
                "ECU":"Variable",
                "Memory(GiB)":"32",
                "InstanceStorage(GB)":"EBS Only",
                "Rate/H(USD)":"0.4672"
            },
            "m3.medium": {
                "vCPU":"1",
                "ECU":"3",
                "Memory(GiB)":"3.75",
                "InstanceStorage(GB)":"1 x 4 SSD",
                "Rate/H(USD)":"0.0980"
            },
            "m3.large": {
                "vCPU":"2",
                "ECU":"6.5",
                "Memory(GiB)":"7.5",
                "InstanceStorage(GB)":"1 x 32 SSD",
                "Rate/H(USD)":"0.196"
            },
            "m3.xlarge": {
                "vCPU":"4",
                "ECU":"13",
                "Memory(GiB)":"15",
                "InstanceStorage(GB)":"2 x 40 SSD",
                "Rate/H(USD)":"0.392"
            },
            "m3.2xlarge": {
                "vCPU":"8",
                "ECU":"26",
                "Memory(GiB)":"30",
                "InstanceStorage(GB)":"2 x 80 SSD",
                "Rate/H(USD)":"0.7840"
            },
            "m4.large": {
                "vCPU":"2",
                "ECU":"6.5",
                "Memory(GiB)":"8",
                "InstanceStorage(GB)":"EBS Only",
                "Rate/H(USD)":"0.125"
            },
            "m4.xlarge": {
                "vCPU":"4",
                "ECU":"13",
                "Memory(GiB)":"16",
                "InstanceStorage(GB)":"EBS Only",
                "Rate/H(USD)":"0.25"
            },
            "m4.2xlarge": {
                "vCPU":"8",
                "ECU":"26",
                "Memory(GiB)":"30",
                "InstanceStorage(GB)":"EBS Only",
                "Rate/H(USD)":"0.5"
            },
            "m4.4xlarge": {
                "vCPU":"16",
                "ECU":"53.5",
                "Memory(GiB)":"64",
                "InstanceStorage(GB)":"EBS Only",
                "Rate/H(USD)":"1.0000"
            },
            "m4.10xlarge": {
                "vCPU":"40",
                "ECU":"124.5",
                "Memory(GiB)":"160",
                "InstanceStorage(GB)":"EBS Only",
                "Rate/H(USD)":"2.5000"
            },
            "m4.16xlarge": {
                "vCPU":"64",
                "ECU":"188",
                "Memory(GiB)":"256",
                "InstanceStorage(GB)":"EBS Only",
                "Rate/H(USD)":"4.0000"
            }
        },
        "EBS": {
            "GP2": {
                "Name":"General Purpose (GP2) - /GB",
                "Price(USD)":"0.1200"
            },
            "IO1": {
                "Name":"Provisioned IOPS (IO1) - /GB/M",
                "Price(USD)":"0.2100"
            },
            "ST1": {
                "Name":"EBS Throughput Optimized HDD (ST1) - /GB",
                "Price(USD)":"0.0540"
            },
            "SC1": {
                "Name":"EBS Cold HDD (SC1) - /GB",
                "Price(USD)":"0.0300"
            }
        }
    }
}