{
    "Version": "2012-10-17",
    "Statement": [
        {
            "Effect": "Allow",
            "Action": [
                "ecs:CreateCluster",
                "ecs:DeregisterContainerInstance",
                "ecs:DiscoverPollEndpoint",
                "ecs:Poll",
                "ecs:RegisterContainerInstance",
                "ecs:StartTelemetrySession",
                "ecs:UpdateContainerInstancesState",
                "ecs:Submit*",
                "ecr:GetAuthorizationToken",
                "ecr:BatchCheckLayerAvailability",
                "ecr:GetDownloadUrlForLayer",
                "ecr:BatchGetImage",
                "logs:CreateLogStream",
                "logs:PutLogEvents",
                "sqs:ListQueues"
            ],
            "Resource": "*"
        },
        {
            "Effect": "Allow",
            "Action": [
                "dynamodb:CreateTable",
                "dynamodb:DescribeTable",
                "dynamodb:DeleteItem",
                "dynamodb:GetItem",
                "dynamodb:PutItem",
                "dynamodb:UpdateItem",
                "dynamodb:Scan"
            ],
            "Resource": [
                "arn:aws-cn:dynamodb:cn-north-1:014301917773:table/CIAM.QA.Users"
            ]
        },
        {
            "Effect": "Allow",
            "Action": "sqs:*",
            "Resource": "arn:aws-cn:sqs:cn-north-1:014301917773:e1-shared-service-identity-server-qa-ciam-queue"
        }
    ]
}