{
    "Version": "2012-10-17",
    "Statement": [
        {
            "Sid": "Stmt1505378139000",
            "Effect": "Allow",
            "Action": [
                "s3:DeleteObject",
                "s3:GetObject",
                "s3:ListBucket",
                "s3:PutObject",
                "s3:PutObjectAcl"
            ],
            "Resource": [
                "arn:aws:s3:::e1-cicd-release/QA/PD/*",
                "arn:aws:s3:::e1-cicd-release/QA/PD"
            ]
        }
    ]
}