{
    "Version": "2012-10-17",
    "Statement": [
        {
            "Sid": "VisualEditor0",
            "Effect": "Allow",
            "Action": "s3:*",
            "Resource": "*"
        },
        {
            "Sid": "VisualEditor1",
            "Effect": "Deny",
            "Action": [
                "s3:DeleteObjectTagging",
                "s3:ObjectOwnerOverrideToBucketOwner",
                "s3:DeleteBucketWebsite",
                "s3:DeleteObjectVersion",
                "s3:DeleteObjectVersionTagging",
                "s3:DeleteObject",
                "s3:DeleteBucketPolicy",
                "s3:DeleteBucket"
            ],
            "Resource": "*"
        }
    ]
}