{
    "Version": "2012-10-17",
    "Statement": [
        {
            "Sid": "VisualEditor0",
            "Effect": "Allow",
            "Action": [
                "cloudwatch:*",
                "logs:*",
                "cloudtrail:*",
                "events:*"
            ],
            "Resource": "*"
        },
        {
            "Sid": "VisualEditor1",
            "Effect": "Deny",
            "Action": [
                "events:DeleteRule",
                "cloudtrail:StopLogging",
                "cloudwatch:DeleteAlarms",
                "cloudwatch:DisableAlarmActions",
                "logs:DeleteLogGroup",
                "cloudtrail:DeleteTrail",
                "cloudtrail:UpdateTrail",
                "events:RemoveTargets",
                "logs:DeleteDestination",
                "logs:DeleteLogStream",
                "events:DisableRule"
            ],
            "Resource": "*"
        }
    ]
}