{
    "Version": "2012-10-17",
    "Statement": [
        {
            "Sid": "VisualEditor0",
            "Effect": "Allow",
            "Action": [
                "directconnect:ConfirmPublicVirtualInterface",
                "directconnect:DescribeInterconnects",
                "apigateway:*",
                "directconnect:DescribeConnectionsOnInterconnect",
                "directconnect:ConfirmPrivateVirtualInterface",
                "directconnect:DescribeConnections",
                "directconnect:DescribeConnectionLoa",
                "cloudfront:*",
                "directconnect:DescribeVirtualInterfaces",
                "directconnect:DescribeLocations",
                "directconnect:DescribeInterconnectLoa",
                "directconnect:DescribeVirtualGateways",
                "directconnect:ConfirmConnection"
            ],
            "Resource": "*"
        },
        {
            "Sid": "VisualEditor1",
            "Effect": "Deny",
            "Action": [
                "cloudfront:DeleteCloudFrontOriginAccessIdentity",
                "cloudfront:DeleteStreamingDistribution",
                "cloudfront:DeleteDistribution"
            ],
            "Resource": "*"
        }
    ]
}