{
    "Version": "2012-10-17",
    "Statement": [
        {
            "Sid": "VisualEditor0",
            "Effect": "Allow",
            "Action": [
                "cloudfront:*",
                "apigateway:*",
                "directconnect:*"
            ],
            "Resource": "*"
        },
        {
            "Sid": "VisualEditor1",
            "Effect": "Deny",
            "Action": [
                "apigateway:DELETE",
                "directconnect:DeleteVirtualInterface",
                "apigateway:PUT",
                "cloudfront:DeleteCloudFrontOriginAccessIdentity",
                "cloudfront:DeleteStreamingDistribution",
                "directconnect:DeleteConnection",
                "cloudfront:DeleteDistribution",
                "directconnect:DeleteInterconnect"
            ],
            "Resource": "*"
        }
    ]
}