{
    "Version": "2012-10-17",
    "Statement": [
        {
            "Sid": "VisualEditor0",
            "Effect": "Allow",
            "Action": [
                "elasticbeanstalk:*",
                "application-autoscaling:*",
                "ecs:*",
                "lambda:*",
                "ecr:*",
                "ec2:*",
                "elasticloadbalancing:*",
                "autoscaling:*"
            ],
            "Resource": "*"
        },
        {
            "Sid": "VisualEditor1",
            "Effect": "Deny",
            "Action": [
                "ec2:DeleteSubnet",
                "elasticbeanstalk:TerminateEnvironment",
                "ec2:DetachClassicLinkVpc",
                "ec2:DeleteVpcEndpoints",
                "ec2:DeleteVpcPeeringConnection",
                "ecr:BatchDeleteImage",
                "ecr:DeleteRepository",
                "ec2:DeleteRouteTable",
                "ec2:RejectVpcPeeringConnection",
                "ec2:DisassociateVpcCidrBlock",
                "elasticloadbalancing:DeleteLoadBalancer",
                "ec2:DeleteVpnGateway",
                "elasticbeanstalk:DeleteApplication",
                "lambda:DeleteFunction",
                "ec2:DeleteInternetGateway",
                "ec2:DeleteVpnConnection",
                "elasticbeanstalk:DeleteConfigurationTemplate",
                "autoscaling:TerminateInstanceInAutoScalingGroup",
                "ec2:DeleteNetworkAcl",
                "ec2:DeleteEgressOnlyInternetGateway",
                "ec2:TerminateInstances",
                "ec2:DeletePlacementGroup",
                "ec2:DeleteRoute",
                "ec2:DeleteNetworkInterface",
                "ecs:DeleteService",
                "ecs:DeleteCluster",
                "elasticbeanstalk:DeleteApplicationVersion",
                "ec2:DetachInternetGateway",
                "ec2:DisassociateRouteTable",
                "ec2:DisassociateSubnetCidrBlock",
                "elasticloadbalancing:DeleteTargetGroup",
                "ec2:DetachVpnGateway",
                "ec2:DeleteVpnConnectionRoute",
                "elasticbeanstalk:DeletePlatformVersion",
                "ec2:DeleteCustomerGateway",
                "autoscaling:DeleteLaunchConfiguration",
                "ec2:DeleteSecurityGroup",
                "ec2:DeleteDhcpOptions",
                "ec2:DisableVpcClassicLink",
                "elasticloadbalancing:DeleteLoadBalancerListeners",
                "elasticbeanstalk:DeleteEnvironmentConfiguration",
                "ec2:DeleteNatGateway",
                "lambda:DeleteFunctionConcurrency",
                "ec2:DeleteVpc",
                "autoscaling:DeleteAutoScalingGroup",
                "ec2:DeleteKeyPair",
                "ec2:DeleteNetworkAclEntry",
                "elasticloadbalancing:DeleteListener"
            ],
            "Resource": "*"
        }
    ]
}