{
    "Version": "2012-10-17",
    "Statement": [
        {
            "Sid": "VisualEditor0",
            "Effect": "Allow",
            "Action": [
                "ec2:*",
                "elasticloadbalancing:*"
            ],
            "Resource": "*"
        },
        {
            "Sid": "VisualEditor1",
            "Effect": "Deny",
            "Action": [
                "ec2:DetachVolume",
                "ec2:AttachVolume",
                "ec2:ModifyVolume",
                "ec2:DeregisterImage",
                "ec2:ModifyVolumeAttribute",
                "ec2:UnmonitorInstances",
                "ec2:TerminateInstances",
                "ec2:ImportKeyPair",
                "ec2:CreateKeyPair",
                "ec2:StopInstances",
                "elasticloadbalancing:DeleteTargetGroup",
                "ec2:CreateVolume",
                "ec2:EnableVolumeIO",
                "elasticloadbalancing:DeleteLoadBalancer",
                "ec2:DeleteVolume",
                "ec2:DeleteSecurityGroup",
                "elasticloadbalancing:DeleteLoadBalancerListeners",
                "ec2:DeleteKeyPair",
                "elasticloadbalancing:DeleteRule",
                "elasticloadbalancing:DeleteListener"
            ],
            "Resource": "*"
        }
    ]
}