{
    "Version": "2012-10-17",
    "Statement": [
        {
            "Sid": "VisualEditor0",
            "Effect": "Allow",
            "Action": [
                "dax:*",
                "rds:*",
                "redshift:*",
                "dynamodb:*",
                "elasticache:*"
            ],
            "Resource": "*"
        },
        {
            "Sid": "VisualEditor1",
            "Effect": "Deny",
            "Action": [
                "redshift:DeleteClusterSecurityGroup",
                "redshift:DeleteCluster",
                "redshift:DeleteClusterSubnetGroup",
                "dynamodb:DeleteItem",
                "dax:DeleteSubnetGroup",
                "dynamodb:DeleteTable",
                "elasticache:DeleteCacheSecurityGroup",
                "dax:DeleteCluster",
                "rds:DeleteOptionGroup",
                "rds:DeleteEventSubscription",
                "rds:FailoverDBCluster",
                "redshift:DeleteClusterSnapshot",
                "elasticache:DeleteCacheParameterGroup",
                "rds:DeleteDBCluster",
                "elasticache:DeleteCacheSubnetGroup",
                "rds:DeleteDBInstance",
                "redshift:DeleteHsmClientCertificate",
                "redshift:DeleteClusterParameterGroup",
                "dax:DeleteItem",
                "rds:DeleteDBSnapshot",
                "elasticache:DeleteCacheCluster",
                "dax:DeleteParameterGroup",
                "rds:DeleteDBSubnetGroup",
                "elasticache:DeleteReplicationGroup",
                "rds:DeleteDBClusterSnapshot",
                "redshift:DeleteSnapshotCopyGrant",
                "redshift:DeleteHsmConfiguration",
                "rds:DeleteDBSecurityGroup",
                "rds:DeleteDBParameterGroup",
                "rds:DeleteDBClusterParameterGroup",
                "redshift:DeleteEventSubscription",
                "elasticache:DeleteSnapshot"
            ],
            "Resource": "*"
        }
    ]
}