{
    "Version": "2012-10-17",
    "Statement": [
        {
            "Sid": "VisualEditor0",
            "Effect": "Allow",
            "Action": [
                "kinesisanalytics:*",
                "kinesis:*",
                "elasticmapreduce:*"
            ],
            "Resource": "*"
        },
        {
            "Sid": "VisualEditor1",
            "Effect": "Deny",
            "Action": [
                "kinesis:DeleteStream",
                "kinesisanalytics:DeleteApplication",
                "elasticmapreduce:TerminateJobFlows",
                "kinesisanalytics:DeleteApplicationReferenceDataSource",
                "kinesisanalytics:DeleteApplicationOutput"
            ],
            "Resource": "*"
        }
    ]
}