{
    "Version": "2012-10-17",
    "Statement": [
        {
            "Sid": "VisualEditor0",
            "Effect": "Allow",
            "Action": [
                "trustedadvisor:*",
                "cloudwatch:*",
                "ssm:*",
                "cloudtrail:*",
                "logs:*",
                "cloudformation:*",
                "events:*",
                "support:*"
            ],
            "Resource": "*"
        },
        {
            "Sid": "VisualEditor1",
            "Effect": "Deny",
            "Action": [
                "cloudtrail:StopLogging",
                "cloudwatch:DeleteAlarms",
                "logs:DeleteLogGroup",
                "logs:DeleteDestination",
                "ssm:DeletePatchBaseline",
                "logs:DeleteLogStream",
                "ssm:DeleteParameters",
                "cloudformation:DeleteChangeSet",
                "ssm:DeleteActivation",
                "events:DeleteRule",
                "ssm:DeleteParameter",
                "cloudwatch:DisableAlarmActions",
                "cloudtrail:DeleteTrail",
                "cloudformation:DeleteStack",
                "ssm:DeleteDocument",
                "events:DisableRule"
            ],
            "Resource": "*"
        }
    ]
}