{
    "Version": "2012-10-17",
    "Statement": [
        {
            "Sid": "VisualEditor0",
            "Effect": "Allow",
            "Action": [
                "glacier:*",
                "s3:*"
            ],
            "Resource": "*"
        },
        {
            "Sid": "VisualEditor1",
            "Effect": "Deny",
            "Action": [
                "s3:DeleteBucketWebsite",
                "glacier:DeleteVault",
                "glacier:DeleteArchive",
                "s3:DeleteBucket"
            ],
            "Resource": "*"
        }
    ]
}