{
    "TeamBI" : {
        "ReservedInstancesID" : {}
    },
    "TeamBSD" : {
        "ReservedInstancesID" : {
            "7f98a580-712b-4dfb-9b17-aaccd4a0a923" : {"TotalPurchased" : "6", 
                                                        "ODIN+ staging" : "3",
                                                        "OMNI staging" : "3"},
            "91bbb1c8-3006-451e-a9bb-59867587cf56" : {"TotalPurchased" : "6", 
                                                        "ODIN+ live" : "5"},
            "43f38432-69cd-45ee-92b2-06e1e224daab" : {"TotalPurchased" : "8", 
                                                        "OMNI QA Web" : "2",
                                                        "OMNI QA DB" : "1",
                                                        "OMNI staging" : "4"},
            "43411fd2-2d57-4c89-9011-f99a2a80f537" : {"TotalPurchased" : "8", 
                                                        "OMNI CI Server" : "1",
                                                        "OMNI live" : "5"},
            "d9f62b37-fe93-49ce-8298-2a59d49245ee" : {"TotalPurchased" : "2",
                                                        "Stage/DB Node":"1"},
            "025d96ef-4c6f-4172-8fa6-27df2adfbb0a" : {"TotalPurchased" : "2", 
                                                        "Stage DB Nodes" : "1"},
            "50f6bf31-8913-4cf1-851d-708b6827661e" : {"TotalPurchased" : "2", 
                                                        "Live DB Nodes" : "1"},
	    "bb1fe30c-9a89-42c7-8010-44d4518e869c" : {"TotalPurchased" : "2", 
                                                        "Live/DB Node" : "1"}
        }
    },
    "TeamGDM" : {
        "ReservedInstancesID" : {
            "43411fd2-2d57-4c89-9011-f99a2a80f537" : {"TotalPurchased" : "8", 
                                                        "GDM api and web server live" : "2"}
        }
    },
    "TeamITIS" : {
        "ReservedInstancesID" : {
            "2503537f-b00c-48a5-b7c1-683c0a64761d" : {"TotalPurchased" : "3", 
                                                        "VPN" : "3"},
            "1b115be5-f54f-4e49-b6ee-e9c0af583cc7" : {"TotalPurchased" : "2", 
                                                        "VPN" : "2"},
            "3d163b90-6037-4255-8bcf-d477586f8414" : {"TotalPurchased" : "1", 
                                                        "VPN" : "1"},
            "2e3c169f-ac8b-4084-a26b-f97c3a3172e1" : {"TotalPurchased" : "2",
                                                        "E1EF CN Domain-Controller" : "2"},
            "b6d64c84-8b75-4d54-8caf-f5334e1b4714" : {"TotalPurchased" : "1",
                                                        "Centralize-Server" : "1"},
            "e1450f0b-770d-490b-905f-b6eb1795a2f9" : {"TotalPurchased" : "2",
                                                        "Domain-Controller" : "2"},
            "dd268f9d-837c-4e50-9296-b22fdacc8d84" : {"TotalPurchased" : "3",
                                                        "Domain-Controller" : "3"},
            "25862d53-5443-4288-94e5-78e318987fa6" : {"TotalPurchased" : "2",
                                                        "E1SD CN Domain-Controller" : "2"},
            "23dfc731-a648-4079-8793-34f9c38ddd17" : {"TotalPurchased" : "1",
                                                        "CN Zabbix server" : "1"},
	    "59dd07a0-6b9e-44e5-9e69-b2f74ea4c1ae" : {"TotalPurchased" : "1",
                                                        "SG Zabbix server" : "1"}
        }
    },
    "TeamPD" : {
        "ReservedInstancesID" : {
            "24e982ec-593b-4687-8709-565fc09a2fbe" : {"TotalPurchased" : "1",
                                                        "Stage/Web":"1"},
            "a91787f7-75c2-4446-8b47-8acae1963103" : {"TotalPurchased" : "1",
                                                        "Stage/Web-Common":"1"},
            "5db9495d-6dd1-45ce-891b-fe2833c532d2" : {"TotalPurchased" : "4", 
                                                        "MediaHub/Web" : "2", 
                                                        "MediaHub/Web Maintains Job" : "1", 
                                                        "MediaHub/Let's Talk" : "1"},
            "ac84708e-534e-414a-a21f-5966253887d7" : {"TotalPurchased" : "14", 
                                                        "TBV3/OSP" : "2", 
                                                        "TBV3/APS" : "2", 
                                                        "TBV3/EFP" : "2", 
                                                        "TBV3/TPI" : "2", 
                                                        "Elastic Search" : "4", 
                                                        "MediaHub/MHM" : "2"},
            "83884a07-8307-48bc-8325-02bfadcee9a1" : {"TotalPurchased" : "6",
                                                        "TBV3/OSP" : "1",
                                                        "TBV3/APS" : "1",
                                                        "TBV3/EFP" : "1",
                                                        "TBV3/TPI" : "1",
                                                        "ESS" : "2"},
            "ff7c1e6b-c2a0-4d08-baeb-08c42ab4fbfd" : {"TotalPurchased" : "6",
                                                        "TBV3/OSP" : "1",
                                                        "TBV3/APS" : "1",
                                                        "TBV3/EFP" : "1",
                                                        "TBV3/TPI" : "1",
                                                        "ESS" : "2"},
            "91bbb1c8-3006-451e-a9bb-59867587cf56" : {"TotalPurchased" : "6", 
                                                        "TBV3/PTWS live" : "1"},
            "b349569d-2c82-46d5-af1c-7cc5d8f31221" : {"TotalPurchased" : "2",
                                                        "Stage/Web":"2"},
            "d9f62b37-fe93-49ce-8298-2a59d49245ee" : {"TotalPurchased" : "2",
                                                        "Stage/DB Node":"1"},
            "40339908-6cd2-47e9-b6fc-a41b63160be7" : {"TotalPurchased" : "5",
                                                        "Stage/Web":"2",
                                                        "PRS live":"2",
                                                        "TBV3/PTWS live":"1"},
            "43f38432-69cd-45ee-92b2-06e1e224daab" : {"TotalPurchased" : "8", 
                                                        "Stage/Web" : "1"},
            "025d96ef-4c6f-4172-8fa6-27df2adfbb0a" : {"TotalPurchased" : "2", 
                                                        "Stage DB Nodes" : "1"},
            "50f6bf31-8913-4cf1-851d-708b6827661e" : {"TotalPurchased" : "2", 
                                                        "Live DB Nodes" : "1"},
            "e891e33c-b653-4404-8c82-19388afd1937" : {"TotalPurchased" : "2", 
                                                        "SpotlightRabbitMQ" : "2"},
            "7eec3409-0c1f-4cf9-9f94-f0503a3e04dc" : {"TotalPurchased" : "1", 
                                                        "CNE1PDPRDAPP01" : "1"},
	    "bb1fe30c-9a89-42c7-8010-44d4518e869c" : {"TotalPurchased" : "2", 
                                                        "Live/DB Node" : "1"}
        }
    },
    "TeamSF" : {
        "ReservedInstancesID" : {}
    }
}